<eml:eml xmlns:eml="eml://ecoinformatics.org/eml-2.1.1" 
    xmlns:md="eml://ecoinformatics.org/methods-2.1.1" 
    xmlns:proj="eml://ecoinformatics.org/project-2.1.1" 
    xmlns:d="eml://ecoinformatics.org/dataset-2.1.1" 
    xmlns:res="eml://ecoinformatics.org/resource-2.1.1" 
    xmlns:dc="http://purl.org/dc/terms/" 
    xmlns:xsi="http://www.w3.org/2001/XMLSchema-instance"
    xsi:schemaLocation="eml://ecoinformatics.org/eml-2.1.1 http://rs.gbif.org/schema/eml-gbif-profile/1.0.1/eml.xsd"
    packageId="http://localhost:8090/ipt/resource.do?id=benin1/v2" system="http://gbif.org" scope="system" xml:lang="eng">

    <dataset>
      <title xml:lang="eng">benin1</title>
      <creator>
    <individualName>
      <surName>sanabria</surName>
    </individualName>
    <organizationName>inb</organizationName>
    <positionName>ing</positionName>
      </creator>
      <metadataProvider>
    <individualName>
      <givenName>Aurelio</givenName>
      <surName>Sanabria</surName>
    </individualName>
    <electronicMailAddress>asanabria@inbio.ac.cr</electronicMailAddress>
      </metadataProvider>
      <associatedParty>
    <individualName>
      <givenName>Aurelio</givenName>
      <surName>Sanabria</surName>
    </individualName>
    <electronicMailAddress>asanabria@inbio.ac.cr</electronicMailAddress>
    <role>user</role>
      </associatedParty>
	  <pubDate>
      	2012-11-07
      </pubDate>
      <language>eng</language>
      <abstract>
        <para>asdasdfasdf</para>
      </abstract>
      <contact>
    <individualName>
      <surName>sanabria</surName>
    </individualName>
    <organizationName>inb</organizationName>
    <positionName>ing</positionName>
      </contact>
    </dataset>
    <additionalMetadata>
     <metadata>
      <gbif>
        <dateStamp>2012-11-07T11:31:11.592-06:00</dateStamp>
        <hierarchyLevel>dataset</hierarchyLevel>
        <dc:replaces>http://localhost:8090/ipt/resource.do?id=benin1/v1.xml</dc:replaces>
      </gbif>
     </metadata>
    </additionalMetadata>
</eml:eml>
