<archive xmlns="http://rs.tdwg.org/dwc/text/" metadata="eml.xml">
  <core encoding="utf-8" fieldsTerminatedBy="\t" linesTerminatedBy="\n" fieldsEnclosedBy="" ignoreHeaderLines="1" rowType="http://rs.tdwg.org/dwc/terms/Occurrence">
    <files>
      <location>occurrence.txt</location>
    </files>
    <id index="0" />
    <field index="1" term="http://rs.tdwg.org/dwc/terms/continent"/>
    <field index="2" term="http://rs.tdwg.org/dwc/terms/georeferenceVerificationStatus"/>
    <field index="3" term="http://rs.tdwg.org/dwc/terms/identifiedBy"/>
    <field index="4" term="http://rs.tdwg.org/dwc/terms/verbatimElevation"/>
    <field index="5" term="http://rs.tdwg.org/dwc/terms/decimalLongitude"/>
    <field index="6" term="http://rs.tdwg.org/dwc/terms/scientificName"/>
    <field index="7" term="http://rs.tdwg.org/dwc/terms/georeferenceProtocol"/>
    <field index="8" term="http://rs.tdwg.org/dwc/terms/individualCount"/>
    <field index="9" term="http://rs.tdwg.org/dwc/terms/institutionCode"/>
    <field index="10" term="http://rs.tdwg.org/dwc/terms/county"/>
    <field index="11" term="http://rs.tdwg.org/dwc/terms/lifeStage"/>
    <field index="12" term="http://rs.tdwg.org/dwc/terms/pointRadiusSpatialFit"/>
    <field index="13" term="http://rs.tdwg.org/dwc/terms/higherGeography"/>
    <field index="14" term="http://rs.tdwg.org/dwc/terms/verbatimLongitude"/>
    <field index="15" term="http://rs.tdwg.org/dwc/terms/geodeticDatum"/>
    <field index="16" term="http://rs.tdwg.org/dwc/terms/sex"/>
    <field index="17" term="http://rs.tdwg.org/dwc/terms/class"/>
    <field index="18" term="http://rs.tdwg.org/dwc/terms/nomenclaturalCode"/>
    <field index="19" term="http://rs.tdwg.org/dwc/terms/islandGroup"/>
    <field index="20" term="http://rs.tdwg.org/dwc/terms/preparations"/>
    <field index="21" term="http://rs.tdwg.org/dwc/terms/identificationQualifier"/>
    <field index="22" term="http://rs.tdwg.org/dwc/terms/waterBody"/>
    <field index="23" term="http://rs.tdwg.org/dwc/terms/verbatimCoordinates"/>
    <field index="24" term="http://rs.tdwg.org/dwc/terms/infraspecificEpithet"/>
    <field index="25" term="http://rs.tdwg.org/dwc/terms/coordinateUncertaintyInMeters"/>
    <field index="26" term="http://rs.tdwg.org/dwc/terms/typeStatus"/>
    <field index="27" term="http://rs.tdwg.org/dwc/terms/collectionCode"/>
    <field index="28" term="http://rs.tdwg.org/dwc/terms/genus"/>
    <field index="29" term="http://rs.tdwg.org/dwc/terms/specificEpithet"/>
    <field index="30" term="http://rs.tdwg.org/dwc/terms/country"/>
    <field index="31" term="http://rs.tdwg.org/dwc/terms/dateIdentified"/>
    <field index="32" term="http://rs.tdwg.org/dwc/terms/stateProvince"/>
    <field index="33" term="http://rs.tdwg.org/dwc/terms/minimumDepthInMeters"/>
    <field index="34" term="http://rs.tdwg.org/dwc/terms/footprintSpatialFit"/>
    <field index="35" term="http://rs.tdwg.org/dwc/terms/otherCatalogNumbers"/>
    <field index="36" term="http://rs.tdwg.org/dwc/terms/georeferenceRemarks"/>
    <field index="37" term="http://rs.tdwg.org/dwc/terms/maximumDepthInMeters"/>
    <field index="38" term="http://rs.tdwg.org/dwc/terms/basisOfRecord"/>
    <field index="39" term="http://rs.tdwg.org/dwc/terms/locality"/>
    <field index="40" term="http://rs.tdwg.org/dwc/terms/decimalLatitude"/>
    <field index="41" term="http://rs.tdwg.org/dwc/terms/kingdom"/>
    <field index="42" term="http://rs.tdwg.org/dwc/terms/maximumElevationInMeters"/>
    <field index="43" term="http://rs.tdwg.org/dwc/terms/informationWithheld"/>
    <field index="44" term="http://rs.tdwg.org/dwc/terms/minimumElevationInMeters"/>
    <field index="45" term="http://rs.tdwg.org/dwc/terms/island"/>
    <field index="46" term="http://rs.tdwg.org/dwc/terms/family"/>
    <field index="47" term="http://rs.tdwg.org/dwc/terms/catalogNumber"/>
    <field index="48" term="http://rs.tdwg.org/dwc/terms/verbatimLatitude"/>
    <field index="49" term="http://rs.tdwg.org/dwc/terms/phylum"/>
    <field index="50" term="http://rs.tdwg.org/dwc/terms/fieldNumber"/>
    <field index="51" term="http://rs.tdwg.org/dwc/terms/footprintWKT"/>
    <field index="52" term="http://rs.tdwg.org/dwc/terms/georeferenceSources"/>
    <field index="53" term="http://rs.tdwg.org/dwc/terms/fieldNotes"/>
    <field index="54" term="http://rs.tdwg.org/dwc/terms/verbatimCoordinateSystem"/>
  </core>
</archive>
