﻿"occurrenceID","institutionCode","collectionID","collectionCode","catalogNumber","sex","kingdom","phylum","class","order","family","genus","subgenus","specificEpithet","infraspecificEpithet","scientificName","scientificNameAuthorship","taxonRank","dateIdentified","identifiedBy","typeStatus","continent","waterBody","country","stateProvince","locality","decimalLatitude","decimalLongitude","coordinatePrecision","minimumElevationInMeters","maximumElevationInMeters","minimumDepthInMeters","maximumDepthInMeters","basisOfRecord","eventDate","year","month","day","habitat","fieldNumber","recordedBy","samplingProtocol","associatedMedia","eventRemarks","modified"
"1","INB","","FUNGI","1","","Fungi","","","","Ramalinaceae","Bacidina","","apiahica","","Bacidina apiahica","","","2012-10-01","","","","","","","Tilaran; Bosque Las Pavas, en los alrededores de Tejona. Bosque primario.","10.51444","-84.979167","","","","","","","2012-10-01","2004","","","","","","","","","2012-10-01"
"2","INB","","FUNGI","2","","Fungi","","","","Parmeliaceae","Flavopunctelia","","flaventior","","Flavopunctelia flaventior","","","2012-10-01","","","","","","","Tres Colinas","9.11446","-83.062596","","","","","","","2012-10-01","2004","","","","","","","","","2012-10-01"
"3","INB","","FUNGI","3","","Fungi","","","","Parmeliaceae","Flavopunctelia","","flaventior","","Flavopunctelia flaventior","","","2012-10-01","","","","","","","P.N. Volcan Irazu. Parque Recreativo Prusia","9.97917","-83.850004","","","","","","","2012-10-01","2004","","","","","","","","","2012-10-01"
"4","INB","","FUNGI","4","","Fungi","","","","Parmeliaceae","Flavopunctelia","","flaventior","","Flavopunctelia flaventior","","","2012-10-01","","","","","","","Prusia Finca Retes","9.96075","-83.891946","","","","","","","2012-10-01","2007","","","","","","","","","2012-10-01"
"5","INB","","FUNGI","5","","Fungi","","","","Parmeliaceae","Flavopunctelia","","flaventior","","Flavopunctelia flaventior","","","2012-10-01","","","","","","","Bosque del Ni?o, alrededor Puesto GuardaParques","10.14244","-84.24725","","","","","","","2012-10-01","2008","","","","","","","","","2012-10-01"
"6","INB","","FUNGI","6","","Fungi","","","","Parmeliaceae","Bryoria","","furcellata","","Bryoria furcellata","","","2012-10-01","","","","","","","Alrededor del puesto.","9.45694","-83.510556","","","","","","","2012-10-01","2000","","","","","","","","","2012-10-01"
"7","INB","","FUNGI","7","","Fungi","","","","Lecanoraceae","Lecanora","","helva","","Lecanora helva","","","2012-10-01","","","","","","","A.C.L.A.P, Coto Brus, San Vito, Jardin Botanico Las Cruces","8.78555","-82.958024","","","","","","","2012-10-01","2004","","","","","","","","","2012-10-01"
"8","INB","","FUNGI","8","","Fungi","","","","Lecanoraceae","Lecanora","","helva","","Lecanora helva","","","2012-10-01","","","","","","","Tapanti; bosque secundario y potreros en la entrada al parque, por el puente.","9.76889","-83.800278","","","","","","","2012-10-01","2003","","","","","","","","","2012-10-01"
"9","INB","","FUNGI","9","","Fungi","","","","Lecanoraceae","Lecanora","","helva","","Lecanora helva","","","2012-10-01","","","","","","","Santo Domingo, Santa Rosa, INBio","9.97363","-84.094391","","","","","","","2012-10-01","2007","","","","","","","","","2012-10-01"
"10","INB","","FUNGI","10","","Fungi","","","","Lecanoraceae","Lecanora","","helva","","Lecanora helva","","","2012-10-01","","","","","","","Pico Blanco. Terrenos del estado.","9.87325","-84.142667","","","","","","","2012-10-01","2009","","","","","","","","","2012-10-01"
"11","INB","","FUNGI","11","","Fungi","","","","Lecanoraceae","Lecanora","","helva","","Lecanora helva","","","2012-10-01","","","","","","","Finca del Estado, Plantacion rala de Jaul.","10.23872","-84.294444","","","","","","","2012-10-01","2007","","","","","","","","","2012-10-01"
"12","INB","","FUNGI","12","","Fungi","","","","Lecanoraceae","Lecanora","","helva","","Lecanora helva","","","2012-10-01","","","","","","","Finca del estado. P. N. Juan Castro Blanco","10.27158","-84.373861","","","","","","","2012-10-01","2009","","","","","","","","","2012-10-01"
"13","INB","","FUNGI","13","","Fungi","","","","Lecanoraceae","Lecanora","","helva","","Lecanora helva","","","2012-10-01","","","","","","","Parque Nacional Volcan Tenorio Alto Masis.","10.67139","-84.990278","","","","","","","2012-10-01","2004","","","","","","","","","2012-10-01"
"14","INB","","FUNGI","14","","Fungi","","","","Lecanoraceae","Lecanora","","helva","","Lecanora helva","","","2012-10-01","","","","","","","Z.P. Miravalles. Volcan Miravalles.","10.74754","-85.14703","","","","","","","2012-10-01","2005","","","","","","","","","2012-10-01"
"15","INB","","FUNGI","15","","Fungi","","","","Lecanoraceae","Lecanora","","helva","","Lecanora helva","","","2012-10-01","","","","","","","Reserva Forestal Monte Alto, Estacion.","10.03361","-85.400611","","","","","","","2012-10-01","2004","","","","","","","","","2012-10-01"
"16","INB","","FUNGI","16","","Fungi","","","","Lecanoraceae","Lecanora","","helva","","Lecanora helva","","","2012-10-01","","","","","","","Tierras Morenas. Rio San Lorenzo. Bosque primario, secundario y potreros.","10.60833","-85","","","","","","","2012-10-01","2004","","","","","","","","","2012-10-01"
"17","INB","","FUNGI","17","","Fungi","","","","Thelotremataceae","Myriotrema","","laeviusculum","","Myriotrema laeviusculum","","","2012-10-01","","","","","","","Sendero al Salto, 4.5 Km NE. de Progreso","8.92803","-82.766479","","","","","","","2012-10-01","2002","","","","","","","","","2012-10-01"
"18","INB","","FUNGI","18","","Fungi","","","","Thelotremataceae","Myriotrema","","laeviusculum","","Myriotrema laeviusculum","","","2012-10-01","","","","","","","A.C.L.A.P, Coto Brus, San Vito, Jardin Botanico Las Cruces","8.78555","-82.958024","","","","","","","2012-10-01","2004","","","","","","","","","2012-10-01"
"19","INB","","FUNGI","19","","Fungi","","","","Thelotremataceae","Myriotrema","","laeviusculum","","Myriotrema laeviusculum","","","2012-10-01","","","","","","","Central, Reserva Biol Hitoy Cerere, 2 Km S de Estacion","9.66725","-83.028632","","","","","","","2012-10-01","2004","","","","","","","","","2012-10-01"
"20","INB","","FUNGI","20","","Fungi","","","","Physciaceae","Heterodermia","","magellanica","","Heterodermia magellanica","","","2012-10-01","","","","","","","A.C.L.A.P, Coto Brus, San Vito, Jardin Botanico Las Cruces","8.78555","-82.958024","","","","","","","2012-10-01","2004","","","","","","","","","2012-10-01"
"21","INB","","FUNGI","21","","Fungi","","","","Physciaceae","Heterodermia","","magellanica","","Heterodermia magellanica","","","2012-10-01","","","","","","","A.C.L.A.P, Coto Brus, San Vito, Jardin Botanico Las Cruces","8.78555","-82.958024","","","","","","","2012-10-01","2004","","","","","","","","","2012-10-01"
"22","INB","","FUNGI","22","","Fungi","","","","Physciaceae","Heterodermia","","magellanica","","Heterodermia magellanica","","","2012-10-01","","","","","","","Parcelas IDA.","9.01918","-82.987923","","","","","","","2012-10-01","2006","","","","","","","","","2012-10-01"
"23","INB","","FUNGI","23","","Fungi","","","","Physciaceae","Heterodermia","","magellanica","","Heterodermia magellanica","","","2012-10-01","","","","","","","Tres Colinas","9.11446","-83.062596","","","","","","","2012-10-01","2004","","","","","","","","","2012-10-01"
"24","INB","","FUNGI","24","","Fungi","","","","Physciaceae","Heterodermia","","magellanica","","Heterodermia magellanica","","","2012-10-01","","","","","","","Sendero a Cerro Cuerici, Limite del P.N. Chirripo","9.57248","-83.665756","","","","","","","2012-10-01","2004","","","","","","","","","2012-10-01"
"25","INB","","FUNGI","25","","Fungi","","","","Physciaceae","Heterodermia","","magellanica","","Heterodermia magellanica","","","2012-10-01","","","","","","","Division.","9.50833","-83.702778","","","","","","","2012-10-01","2004","","","","","","","","","2012-10-01"
"26","INB","","FUNGI","26","","Fungi","","","","Physciaceae","Heterodermia","","magellanica","","Heterodermia magellanica","","","2012-10-01","","","","","","","P.N. Volcan Irazu. Parque Recreativo Prusia","9.97917","-83.850004","","","","","","","2012-10-01","2004","","","","","","","","","2012-10-01"
"27","INB","","FUNGI","27","","Fungi","","","","Physciaceae","Heterodermia","","magellanica","","Heterodermia magellanica","","","2012-10-01","","","","","","","El Cedral; Alto Hierbabuena.","9.84167","-84.126389","","","","","","","2012-10-01","2005","","","","","","","","","2012-10-01"
"28","INB","","FUNGI","28","","Fungi","","","","Physciaceae","Heterodermia","","magellanica","","Heterodermia magellanica","","","2012-10-01","","","","","","","R.V.S. Bosque Alegre. Laguna Hule","10.29874","-84.215016","","","","","","","2012-10-01","2004","","","","","","","","","2012-10-01"
"29","INB","","FUNGI","29","","Fungi","","","","Physciaceae","Heterodermia","","magellanica","","Heterodermia magellanica","","","2012-10-01","","","","","","","Reserva Forestal Grecia. Bosque del Ni?o. Calle Rodriguez","10.15","-84.245002","","","","","","","2012-10-01","2005","","","","","","","","","2012-10-01"
"30","INB","","FUNGI","30","","Fungi","","","","Physciaceae","Heterodermia","","magellanica","","Heterodermia magellanica","","","2012-10-01","","","","","","","P.N. Volcan Tenorio. Sector El Pilon.","10.7046","-84.992304","","","","","","","2012-10-01","2004","","","","","","","","","2012-10-01"
"31","INB","","FUNGI","31","","Fungi","","","","Physciaceae","Heterodermia","","magellanica","","Heterodermia magellanica","","","2012-10-01","","","","","","","Tierras Morenas, Proyecto Eolico MOVASA.","10.63333","-85.019444","","","","","","","2012-10-01","2004","","","","","","","","","2012-10-01"
"32","INB","","FUNGI","32","","Fungi","","","","Physciaceae","Heterodermia","","magellanica","","Heterodermia magellanica","","","2012-10-01","","","","","","","Upala. Bijagua. Sector Alto Los Brenes.","10.72609","-85.039092","","","","","","","2012-10-01","2003","","","","","","","","","2012-10-01"
"33","INB","","FUNGI","33","","Fungi","","","","Physciaceae","Heterodermia","","magellanica","","Heterodermia magellanica","","","2012-10-01","","","","","","","Ca?as. Sector Nueva Guatemala.","10.6492","-85.059032","","","","","","","2012-10-01","2004","","","","","","","","","2012-10-01"
"34","INB","","FUNGI","34","","Fungi","","","","Physciaceae","Heterodermia","","magellanica","","Heterodermia magellanica","","","2012-10-01","","","","","","","Z.P. Miravalles. Sector Altamira.","10.74089","-85.094444","","","","","","","2012-10-01","2003","","","","","","","","","2012-10-01"
"35","INB","","FUNGI","35","","Fungi","","","","Physciaceae","Heterodermia","","magellanica","","Heterodermia magellanica","","","2012-10-01","","","","","","","La Fortuna, Cuipilapa, Cerro La Giganta.","10.68584","-85.123341","","","","","","","2012-10-01","2005","","","","","","","","","2012-10-01"
"36","INB","","FUNGI","36","","Fungi","","","","Physciaceae","Heterodermia","","magellanica","","Heterodermia magellanica","","","2012-10-01","","","","","","","Monte Alto, Sector Mirador","10.00313","-85.396375","","","","","","","2012-10-01","2003","","","","","","","","","2012-10-01"
"37","INB","","FUNGI","37","","Fungi","","","","Physciaceae","Heterodermia","","magellanica","","Heterodermia magellanica","","","2012-10-01","","","","","","","Estacion Cacao, a sus alrededores.","10.92667","-85.468333","","","","","","","2012-10-01","2006","","","","","","","","","2012-10-01"
"38","INB","","FUNGI","38","","Fungi","","","","Thelenellaceae","Aspidothelium","","scutellicarpum","","Aspidothelium scutellicarpum","","","2012-10-01","","","","","","","A.C.L.A.P, Coto Brus, San Vito, Jardin Botanico Las Cruces","8.78555","-82.958024","","","","","","","2012-10-01","2004","","","","","","","","","2012-10-01"
"39","INB","","FUNGI","39","","Fungi","","","","Thelenellaceae","Aspidothelium","","scutellicarpum","","Aspidothelium scutellicarpum","","","2012-10-01","","","","","","","Sector El Pilon. Sendero a la catarata Rio Celeste.","10.71896","-84.992459","","","","","","","2012-10-01","2004","","","","","","","","","2012-10-01"
"40","INB","","FUNGI","40","","Fungi","","","","Nidulariaceae","Cyathus","","stercoreus","","Cyathus stercoreus","","","2012-10-01","","","","","","","Z. P. Las Tablas. Finca La Zapatilla.","8.9077","-82.771977","","","","","","","2012-10-01","2008","","","","","","","","","2012-10-01"
"41","INB","","FUNGI","41","","Fungi","","","","Nidulariaceae","Cyathus","","stercoreus","","Cyathus stercoreus","","","2012-10-01","","","","","","","Acosta, Alto Reflis, Falda NE, Fila de Cal.","9.73472","-84.179167","","","","","","","2012-10-01","2004","","","","","","","","","2012-10-01"
"42","INB","","FUNGI","42","","Fungi","","","","Nidulariaceae","Cyathus","","stercoreus","","Cyathus stercoreus","","","2012-10-01","","","","","","","Bagaces. Rio Naranjo.","10.68394","-85.089277","","","","","","","2012-10-01","2003","","","","","","","","","2012-10-01"
"43","INB","","FUNGI","43","","Fungi","","","","Nidulariaceae","Cyathus","","stercoreus","","Cyathus stercoreus","","","2012-10-01","","","","","","","P.N. Guanacaste. La Cruz. Estacion Biologica Maritza.","10.96254","-85.495244","","","","","","","2012-10-01","2007","","","","","","","","","2012-10-01"
"44","INB","","FUNGI","44","","Fungi","","","","Gomphillaceae","Calenia","","triseptata","","Calenia triseptata","","","2012-10-01","","","","","","","Estacion Biologica La Selva.","10.43333","-84.033333","","","","","","","2012-10-01","1997","","","","","","","","","2012-10-01"
"45","INB","","FUNGI","45","","Fungi","","","","Gomphillaceae","Calenia","","triseptata","","Calenia triseptata","","","2012-10-01","","","","","","","San Carlos, Boca Tapada, Bosque Ancianos.","10.70985","-84.186694","","","","","","","2012-10-01","2005","","","","","","","","","2012-10-01"
"46","INB","","FUNGI","46","","Fungi","","","","Peltigeraceae","Peltigera","","ulcerata","","Peltigera ulcerata","","","2012-10-01","","","","","","","Orillas represa Cachi.","9.81346","-83.833116","","","","","","","2012-10-01","2002","","","","","","","","","2012-10-01"
"47","INB","","FUNGI","47","","Fungi","","","","Peltigeraceae","Peltigera","","ulcerata","","Peltigera ulcerata","","","2012-10-01","","","","","","","El Guarco, Turbera Tres de Junio.","9.66466","-83.851626","","","","","","","2012-10-01","2002","","","","","","","","","2012-10-01"
"48","INB","","FUNGI","48","","Fungi","","","","Peltigeraceae","Peltigera","","ulcerata","","Peltigera ulcerata","","","2012-10-01","","","","","","","P.N. Volcan Irazu, orillas del crater.","9.9842","-83.853604","","","","","","","2012-10-01","2002","","","","","","","","","2012-10-01"
"49","INB","","FUNGI","49","","Fungi","","","","Amanitaceae","Amanita","","\"conara\"","","Amanita (subsect. Gymnopodae) \"conara\"","","","2012-10-01","","","","","","","Z. P. Las Tablas, camino a los Portones por el tajo.","8.9168","-82.796505","","","","","","","2012-10-01","2008","","","","","","","","","2012-10-01"
"50","INB","","FUNGI","50","","Fungi","","","","Hysteriaceae","Glonium","","abbreviatum","","Glonium abbreviatum","","","2012-10-01","","","","","","","Z.P Las Tablas. Fila Chiquiza. Troncos.","8.92622","-82.766931","","","","","","","2012-10-01","2001","","","","","","","","","2012-10-01"
"51","INB","","FUNGI","51","","Fungi","","","","Hysteriaceae","Glonium","","abbreviatum","","Glonium abbreviatum","","","2012-10-01","","","","","","","Z.P Las Tablas. Fila Chiquiza. Troncos.","8.92622","-82.766931","","","","","","","2012-10-01","2001","","","","","","","","","2012-10-01"
"52","INB","","FUNGI","52","","Fungi","","","","Hysteriaceae","Glonium","","abbreviatum","","Glonium abbreviatum","","","2012-10-01","","","","","","","Z.P Las Tablas. Fila Chiquiza. Troncos.","8.92622","-82.766931","","","","","","","2012-10-01","2001","","","","","","","","","2012-10-01"
"53","INB","","FUNGI","53","","Fungi","","","","Hysteriaceae","Glonium","","abbreviatum","","Glonium abbreviatum","","","2012-10-01","","","","","","","Z.P Las Tablas. Fila Chiquiza. Troncos.","8.92622","-82.766931","","","","","","","2012-10-01","2001","","","","","","","","","2012-10-01"
"54","INB","","FUNGI","54","","Fungi","","","","Hysteriaceae","Glonium","","abbreviatum","","Glonium abbreviatum","","","2012-10-01","","","","","","","Z.P Las Tablas. Fila Chiquiza. Troncos.","8.92622","-82.766931","","","","","","","2012-10-01","2001","","","","","","","","","2012-10-01"
"55","INB","","FUNGI","55","","Fungi","","","","Hysteriaceae","Glonium","","abbreviatum","","Glonium abbreviatum","","","2012-10-01","","","","","","","Z.P Las Tablas. Fila Chiquiza. Troncos.","8.92622","-82.766931","","","","","","","2012-10-01","2002","","","","","","","","","2012-10-01"
"56","INB","","FUNGI","56","","Fungi","","","","Hysteriaceae","Glonium","","abbreviatum","","Glonium abbreviatum","","","2012-10-01","","","","","","","Z.P Las Tablas. Fila Chiquiza. Troncos.","8.92622","-82.766931","","","","","","","2012-10-01","2002","","","","","","","","","2012-10-01"
"57","INB","","FUNGI","57","","Fungi","","","","Hysteriaceae","Glonium","","abbreviatum","","Glonium abbreviatum","","","2012-10-01","","","","","","","Z.P Las Tablas. Fila Chiquiza. Troncos.","8.92622","-82.766931","","","","","","","2012-10-01","2002","","","","","","","","","2012-10-01"
"58","INB","","FUNGI","58","","Fungi","","","","Hysteriaceae","Glonium","","abbreviatum","","Glonium abbreviatum","","","2012-10-01","","","","","","","Z.P Las Tablas. Fila Chiquiza. Troncos.","8.92622","-82.766931","","","","","","","2012-10-01","2002","","","","","","","","","2012-10-01"
"59","INB","","FUNGI","59","","Fungi","","","","Hysteriaceae","Glonium","","abbreviatum","","Glonium abbreviatum","","","2012-10-01","","","","","","","Z.P Las Tablas. Fila Chiquiza. Troncos.","8.92622","-82.766931","","","","","","","2012-10-01","2002","","","","","","","","","2012-10-01"
"60","INB","","FUNGI","60","","Fungi","","","","Hysteriaceae","Glonium","","abbreviatum","","Glonium abbreviatum","","","2012-10-01","","","","","","","Z.P Las Tablas. Fila Chiquiza. Troncos.","8.92622","-82.766931","","","","","","","2012-10-01","2002","","","","","","","","","2012-10-01"
"61","INB","","FUNGI","61","","Fungi","","","","Hysteriaceae","Glonium","","abbreviatum","","Glonium abbreviatum","","","2012-10-01","","","","","","","Z.P Las Tablas. Fila Chiquiza. Troncos.","8.92622","-82.766931","","","","","","","2012-10-01","2002","","","","","","","","","2012-10-01"
"62","INB","","FUNGI","62","","Fungi","","","","Hysteriaceae","Glonium","","abbreviatum","","Glonium abbreviatum","","","2012-10-01","","","","","","","Z.P Las Tablas. Fila Chiquiza. Troncos.","8.92622","-82.766931","","","","","","","2012-10-01","2002","","","","","","","","","2012-10-01"
"63","INB","","FUNGI","63","","Fungi","","","","Hysteriaceae","Glonium","","abbreviatum","","Glonium abbreviatum","","","2012-10-01","","","","","","","Z.P Las Tablas. Fila Chiquiza. Troncos.","8.92622","-82.766931","","","","","","","2012-10-01","2002","","","","","","","","","2012-10-01"
"64","INB","","FUNGI","64","","Fungi","","","","Hysteriaceae","Glonium","","abbreviatum","","Glonium abbreviatum","","","2012-10-01","","","","","","","Z.P Las Tablas. Fila Chiquiza. Troncos.","8.92622","-82.766931","","","","","","","2012-10-01","2002","","","","","","","","","2012-10-01"
"65","INB","","FUNGI","65","","Fungi","","","","Hysteriaceae","Glonium","","abbreviatum","","Glonium abbreviatum","","","2012-10-01","","","","","","","Z.P Las Tablas. Fila Chiquiza. Troncos.","8.92622","-82.766931","","","","","","","2012-10-01","2002","","","","","","","","","2012-10-01"
"66","INB","","FUNGI","66","","Fungi","","","","Hysteriaceae","Glonium","","abbreviatum","","Glonium abbreviatum","","","2012-10-01","","","","","","","Z.P Las Tablas. Fila Chiquiza. Troncos.","8.92622","-82.766931","","","","","","","2012-10-01","2002","","","","","","","","","2012-10-01"
"67","INB","","FUNGI","67","","Fungi","","","","Hysteriaceae","Glonium","","abbreviatum","","Glonium abbreviatum","","","2012-10-01","","","","","","","Z.P Las Tablas. Fila Chiquiza. Troncos.","8.92622","-82.766931","","","","","","","2012-10-01","2002","","","","","","","","","2012-10-01"
"68","INB","","FUNGI","68","","Fungi","","","","Hysteriaceae","Glonium","","abbreviatum","","Glonium abbreviatum","","","2012-10-01","","","","","","","Z.P Las Tablas. Fila Chiquiza. Troncos.","8.92622","-82.766931","","","","","","","2012-10-01","2002","","","","","","","","","2012-10-01"
"69","INB","","FUNGI","69","","Fungi","","","","Hysteriaceae","Glonium","","abbreviatum","","Glonium abbreviatum","","","2012-10-01","","","","","","","Z.P Las Tablas. Fila Chiquiza. Troncos.","8.92622","-82.766931","","","","","","","2012-10-01","2002","","","","","","","","","2012-10-01"
"70","INB","","FUNGI","70","","Fungi","","","","Hysteriaceae","Glonium","","abbreviatum","","Glonium abbreviatum","","","2012-10-01","","","","","","","Z.P Las Tablas. Fila Chiquiza. Troncos.","8.92622","-82.766931","","","","","","","2012-10-01","2002","","","","","","","","","2012-10-01"
"71","INB","","FUNGI","71","","Fungi","","","","Hysteriaceae","Glonium","","abbreviatum","","Glonium abbreviatum","","","2012-10-01","","","","","","","Z.P Las Tablas. Fila Chiquiza. Troncos.","8.92622","-82.766931","","","","","","","2012-10-01","2002","","","","","","","","","2012-10-01"
"72","INB","","FUNGI","72","","Fungi","","","","Hysteriaceae","Glonium","","abbreviatum","","Glonium abbreviatum","","","2012-10-01","","","","","","","Z.P Las Tablas. Fila Chiquiza. Troncos.","8.92622","-82.766931","","","","","","","2012-10-01","2002","","","","","","","","","2012-10-01"
"73","INB","","FUNGI","73","","Fungi","","","","Hysteriaceae","Glonium","","abbreviatum","","Glonium abbreviatum","","","2012-10-01","","","","","","","Z.P Las Tablas. Fila Chiquiza. Troncos.","8.92622","-82.766931","","","","","","","2012-10-01","2002","","","","","","","","","2012-10-01"
"74","INB","","FUNGI","74","","Fungi","","","","Hysteriaceae","Glonium","","abbreviatum","","Glonium abbreviatum","","","2012-10-01","","","","","","","Z.P Las Tablas. Fila Chiquiza. Troncos.","8.92622","-82.766931","","","","","","","2012-10-01","2002","","","","","","","","","2012-10-01"
"75","INB","","FUNGI","75","","Fungi","","","","Hysteriaceae","Glonium","","abbreviatum","","Glonium abbreviatum","","","2012-10-01","","","","","","","Z.P Las Tablas. Fila Chiquiza. Troncos.","8.92622","-82.766931","","","","","","","2012-10-01","2002","","","","","","","","","2012-10-01"
"76","INB","","FUNGI","76","","Fungi","","","","Hysteriaceae","Glonium","","abbreviatum","","Glonium abbreviatum","","","2012-10-01","","","","","","","Z.P Las Tablas. Fila Chiquiza. Troncos.","8.92622","-82.766931","","","","","","","2012-10-01","2003","","","","","","","","","2012-10-01"
"77","INB","","FUNGI","77","","Fungi","","","","Hysteriaceae","Glonium","","abbreviatum","","Glonium abbreviatum","","","2012-10-01","","","","","","","Z.P Las Tablas. Fila Chiquiza. Troncos.","8.92622","-82.766931","","","","","","","2012-10-01","2003","","","","","","","","","2012-10-01"
"78","INB","","FUNGI","78","","Fungi","","","","Hysteriaceae","Glonium","","abbreviatum","","Glonium abbreviatum","","","2012-10-01","","","","","","","Z.P Las Tablas. Fila Chiquiza. Troncos.","8.92622","-82.766931","","","","","","","2012-10-01","2003","","","","","","","","","2012-10-01"
"79","INB","","FUNGI","79","","Fungi","","","","Hysteriaceae","Glonium","","abbreviatum","","Glonium abbreviatum","","","2012-10-01","","","","","","","Z.P Las Tablas. Fila Chiquiza. Troncos.","8.92622","-82.766931","","","","","","","2012-10-01","2003","","","","","","","","","2012-10-01"
"80","INB","","FUNGI","80","","Fungi","","","","Hysteriaceae","Glonium","","abbreviatum","","Glonium abbreviatum","","","2012-10-01","","","","","","","Z.P Las Tablas. Fila Chiquiza. Troncos.","8.92622","-82.766931","","","","","","","2012-10-01","2003","","","","","","","","","2012-10-01"
"81","INB","","FUNGI","81","","Fungi","","","","Hysteriaceae","Glonium","","abbreviatum","","Glonium abbreviatum","","","2012-10-01","","","","","","","Z.P Las Tablas. Fila Chiquiza. Troncos.","8.92622","-82.766931","","","","","","","2012-10-01","2003","","","","","","","","","2012-10-01"
"82","INB","","FUNGI","82","","Fungi","","","","Hysteriaceae","Glonium","","abbreviatum","","Glonium abbreviatum","","","2012-10-01","","","","","","","Z.P. Las Tablas. Fila Chiquiza. Parcelas.","8.92622","-82.767385","","","","","","","2012-10-01","2000","","","","","","","","","2012-10-01"
"83","INB","","FUNGI","83","","Fungi","","","","Hysteriaceae","Glonium","","abbreviatum","","Glonium abbreviatum","","","2012-10-01","","","","","","","Z.P. Las Tablas. Fila Chiquiza. Parcelas.","8.92622","-82.767385","","","","","","","2012-10-01","2001","","","","","","","","","2012-10-01"
"84","INB","","FUNGI","84","","Fungi","","","","Hysteriaceae","Glonium","","abbreviatum","","Glonium abbreviatum","","","2012-10-01","","","","","","","Z.P. Las Tablas. Fila Chiquiza. Parcelas.","8.92622","-82.767385","","","","","","","2012-10-01","2002","","","","","","","","","2012-10-01"
"85","INB","","FUNGI","85","","Fungi","","","","Hysteriaceae","Glonium","","abbreviatum","","Glonium abbreviatum","","","2012-10-01","","","","","","","P.N. Corcovado. Sector Sirena. Sendero Espaveles. Parcelas.","8.48944","-83.587201","","","","","","","2012-10-01","2000","","","","","","","","","2012-10-01"
"86","INB","","FUNGI","86","","Fungi","","","","Hysteriaceae","Glonium","","abbreviatum","","Glonium abbreviatum","","","2012-10-01","","","","","","","Parque Nacional Palo Verde. Troncos.","10.35737","-85.319453","","","","","","","2012-10-01","2001","","","","","","","","","2012-10-01"
"87","INB","","FUNGI","87","","Fungi","","","","Hysteriaceae","Glonium","","abbreviatum","","Glonium abbreviatum","","","2012-10-01","","","","","","","Parque Nacional Palo Verde. Troncos.","10.35737","-85.319453","","","","","","","2012-10-01","2002","","","","","","","","","2012-10-01"
"88","INB","","FUNGI","88","","Fungi","","","","Hysteriaceae","Glonium","","abbreviatum","","Glonium abbreviatum","","","2012-10-01","","","","","","","Parque Nacional Palo Verde. Troncos.","10.35737","-85.319453","","","","","","","2012-10-01","2002","","","","","","","","","2012-10-01"
"89","INB","","FUNGI","89","","Fungi","","","","Hysteriaceae","Glonium","","abbreviatum","","Glonium abbreviatum","","","2012-10-01","","","","","","","Parque Nacional Palo Verde. Troncos.","10.35737","-85.319453","","","","","","","2012-10-01","2002","","","","","","","","","2012-10-01"
"90","INB","","FUNGI","90","","Fungi","","","","Hysteriaceae","Glonium","","abbreviatum","","Glonium abbreviatum","","","2012-10-01","","","","","","","Parque Nacional Palo Verde. Troncos.","10.35737","-85.319453","","","","","","","2012-10-01","2003","","","","","","","","","2012-10-01"
"91","INB","","FUNGI","91","","Fungi","","","","Hysteriaceae","Glonium","","abbreviatum","","Glonium abbreviatum","","","2012-10-01","","","","","","","Parque Nacional Palo Verde. Troncos.","10.35737","-85.319453","","","","","","","2012-10-01","2003","","","","","","","","","2012-10-01"
"92","INB","","FUNGI","92","","Fungi","","","","Hysteriaceae","Glonium","","abbreviatum","","Glonium abbreviatum","","","2012-10-01","","","","","","","Parque Nacional Palo Verde. Troncos.","10.35737","-85.319453","","","","","","","2012-10-01","2003","","","","","","","","","2012-10-01"
"93","INB","","FUNGI","93","","Fungi","","","","Hysteriaceae","Glonium","","abbreviatum","","Glonium abbreviatum","","","2012-10-01","","","","","","","Parque Nacional Palo Verde. Troncos.","10.35737","-85.319453","","","","","","","2012-10-01","2003","","","","","","","","","2012-10-01"
"94","INB","","FUNGI","94","","Fungi","","","","Hysteriaceae","Glonium","","abbreviatum","","Glonium abbreviatum","","","2012-10-01","","","","","","","Parque Nacional Palo Verde. Troncos.","10.35737","-85.319453","","","","","","","2012-10-01","2003","","","","","","","","","2012-10-01"
"95","INB","","FUNGI","95","","Fungi","","","","Hysteriaceae","Glonium","","abbreviatum","","Glonium abbreviatum","","","2012-10-01","","","","","","","Parque Nacional Palo Verde. Parcelas.","10.35736","-85.319508","","","","","","","2012-10-01","2000","","","","","","","","","2012-10-01"
"96","INB","","FUNGI","96","","Fungi","","","","Hysteriaceae","Glonium","","abbreviatum","","Glonium abbreviatum","","","2012-10-01","","","","","","","Parque Nacional Palo Verde. Parcelas.","10.35736","-85.319508","","","","","","","2012-10-01","2002","","","","","","","","","2012-10-01"
"97","INB","","FUNGI","97","","Fungi","","","","Caliciaceae","Calicium","","abietinum","","Calicium abietinum","","","2012-10-01","","","","","","","A.C.L.A.P, Coto Brus, San Vito, Jardin Botanico Las Cruces","8.78555","-82.958024","","","","","","","2012-10-01","2004","","","","","","","","","2012-10-01"
"98","INB","","FUNGI","98","","Fungi","","","","Hyaloscyphaceae","Lachnum","","abnorme","","Lachnum abnorme","","","2012-10-01","","","","","","","Z.P. Las Tablas. Sitio Tablas.","8.95103","-82.744144","","","","","","","2012-10-01","1999","","","","","","","","","2012-10-01"
"99","INB","","FUNGI","99","","Fungi","","","","Hyaloscyphaceae","Lachnum","","abnorme","","Lachnum abnorme","","","2012-10-01","","","","","","","Bijagua. Albergue Heliconias.","10.71806","-85.045287","","","","","","","2012-10-01","2000","","","","","","","","","2012-10-01"
